mushaf_id,page_number,juz_number,start_text
1,1,1,"الْحَمْدُ لِلَّهِ رَبِّ"
1,2,1,"الم ذَلِكَ الْكِتَابُ"
1,3,1,"إِنَّ الَّذِينَ كَفَرُوا"
1,4,1,"مَثَلُهُمْ كَمَثَلِ الَّذِي"
1,5,1,"وَبَشِّرِ الَّذِينَ آمَنُوا"
1,6,1,"وَإِذْ قَالَ رَبُّكَ"
1,7,1,"قُلْنَا اهْبِطُوا مِنْهَا"
1,8,1,"وَإِذْ نَجَّيْنَاكُمْ مِنْ"
1,9,1,"وَإِذْ قُلْنَا ادْخُلُوا"
1,10,1,"إِنَّ الَّذِينَ آمَنُوا"
1,11,1,"قَالُوا ادْعُ لَنَا"
1,12,1,"أَوَلَا يَعْلَمُونَ أَنَّ"
1,13,1,"وَإِذْ أَخَذْنَا مِيثَاقَكُمْ"
1,14,1,"وَلَمَّا جَاءَهُمْ كِتَابٌ"
1,15,1,"قُلْ إِنْ كَانَتْ"
1,16,1,"وَاتَّبَعُوا مَا تَتْلُو"
1,17,1,"مَا نَنْسَخْ مِنْ"
1,18,1,"وَقَالَتِ الْيَهُودُ لَيْسَتِ"
1,19,1,"وَلَنْ تَرْضَى عَنْكَ"
1,20,1,"وَإِذْ يَرْفَعُ إِبْرَاهِيمُ"
1,21,1,"وَقَالُوا كُونُوا هُودًا"
1,22,2,"سَيَقُولُ السُّفَهَاءُ مِنَ"
1,23,2,"الَّذِينَ آتَيْنَاهُمُ الْكِتَابَ"
1,24,2,"وَلَا تَقُولُوا لِمَنْ"
1,25,2,"إِنَّ فِي خَلْقِ"
1,26,2,"وَإِذَا قِيلَ لَهُمُ"
1,27,2,"لَيْسَ الْبِرَّ أَنْ"
1,28,2,"فَمَنْ خَافَ مِنْ"
1,29,2,"أُحِلَّ لَكُمْ لَيْلَةَ"
1,30,2,"وَاقْتُلُوهُمْ حَيْثُ ثَقِفْتُمُوهُمْ"
1,31,2,"الْحَجُّ أَشْهُرٌ مَعْلُومَاتٌ"
1,32,2,"وَاذْكُرُوا اللَّهَ فِي"
1,33,2,"سَلْ بَنِي إِسْرَائِيلَ"
1,34,2,"كُتِبَ عَلَيْكُمُ الْقِتَالُ"
1,35,2,"فِي الدُّنْيَا وَالْآخِرَةِ"
1,36,2,"لَا يُؤَاخِذُكُمُ اللَّهُ"
1,37,2,"وَإِذَا طَلَّقْتُمُ النِّسَاءَ"
1,38,2,"وَالَّذِينَ يُتَوَفَّوْنَ مِنْكُمْ"
1,39,2,"حَافِظُوا عَلَى الصَّلَوَاتِ"
1,40,2,"أَلَمْ تَرَ إِلَى"
1,41,2,"فَلَمَّا فَصَلَ طَالُوتُ"
1,42,3,"تِلْكَ الرُّسُلُ فَضَّلْنَا"
1,43,3,"اللَّهُ وَلِيُّ الَّذِينَ"
1,44,3,"وَإِذْ قَالَ إِبْرَاهِيمُ"
1,45,3,"وَمَثَلُ الَّذِينَ يُنْفِقُونَ"
1,46,3,"وَمَا أَنْفَقْتُمْ مِنْ"
1,47,3,"الَّذِينَ يَأْكُلُونَ الرِّبَا"
1,48,3,"يَاأَيُّهَا الَّذِينَ آمَنُوا"
1,49,3,"وَإِنْ كُنْتُمْ عَلَى"
1,50,3,"الم اللَّهُ لَا"
1,51,3,"إِنَّ الَّذِينَ كَفَرُوا"
1,52,3,"الَّذِينَ يَقُولُونَ رَبَّنَا"
1,53,3,"أَلَمْ تَرَ إِلَى"
1,54,3,"يَوْمَ تَجِدُ كُلُّ"
1,55,3,"هُنَالِكَ دَعَا زَكَرِيَّا"
1,56,3,"وَيُكَلِّمُ النَّاسَ فِي"
1,57,3,"رَبَّنَا آمَنَّا بِمَا"
1,58,3,"إِنَّ هَذَا لَهُوَ"
1,59,3,"يَاأَهْلَ الْكِتَابِ لِمَ"
1,60,3,"وَإِنَّ مِنْهُمْ لَفَرِيقًا"
1,61,3,"قُلْ آمَنَّا بِاللَّهِ"
1,62,4,"لَنْ تَنَالُوا الْبِرَّ"
1,63,4,"وَكَيْفَ تَكْفُرُونَ وَأَنْتُمْ"
1,64,4,"وَلِلَّهِ مَا فِي"
1,65,4,"إِنَّ الَّذِينَ كَفَرُوا"
1,66,4,"إِذْ هَمَّتْ طَائِفَتَانِ"
1,67,4,"وَسَارِعُوا إِلَى مَغْفِرَةٍ"
1,68,4,"وَلِيُمَحِّصَ اللَّهُ الَّذِينَ"
1,69,4,"يَاأَيُّهَا الَّذِينَ آمَنُوا"
1,70,4,"ثُمَّ أَنْزَلَ عَلَيْكُمْ"
1,71,4,"وَلَئِنْ مُتُّمْ أَوْ"
1,72,4,"وَمَا أَصَابَكُمْ يَوْمَ"
1,73,4,"فَانْقَلَبُوا بِنِعْمَةٍ مِنَ"
1,74,4,"لَقَدْ سَمِعَ اللَّهُ"
1,75,4,"وَإِذْ أَخَذَ اللَّهُ"
1,76,4,"فَاسْتَجَابَ لَهُمْ رَبُّهُمْ"
1,77,4,"يَاأَيُّهَا النَّاسُ اتَّقُوا"
1,78,4,"لِلرِّجَالِ نَصِيبٌ مِمَّا"
1,79,4,"وَلَكُمْ نِصْفُ مَا"
1,80,4,"وَاللَّاتِي يَأْتِينَ الْفَاحِشَةَ"
1,81,4,"وَإِنْ أَرَدْتُمُ اسْتِبْدَالَ"
1,82,5,"وَالْمُحْصَنَاتُ مِنَ النِّسَاءِ"
1,83,5,"وَاللَّهُ يُرِيدُ أَنْ"
1,84,5,"الرِّجَالُ قَوَّامُونَ عَلَى"
1,85,5,"وَالَّذِينَ يُنْفِقُونَ أَمْوَالَهُمْ"
1,86,5,"وَاللَّهُ أَعْلَمُ بِأَعْدَائِكُمْ"
1,87,5,"أُولَئِكَ الَّذِينَ لَعَنَهُمُ"
1,88,5,"أَلَمْ تَرَ إِلَى"
1,89,5,"وَلَوْ أَنَّا كَتَبْنَا"
1,90,5,"وَمَا لَكُمْ لَا"
1,91,5,"مَنْ يُطِعِ الرَّسُولَ"
1,92,5,"اللَّهُ لَا إِلَهَ"
1,93,5,"وَمَا كَانَ لِمُؤْمِنٍ"
1,94,5,"لَا يَسْتَوِي الْقَاعِدُونَ"
1,95,5,"وَإِذَا كُنْتَ فِيهِمْ"
1,96,5,"وَاسْتَغْفِرِ اللَّهَ إِنَّ"
1,97,5,"لَا خَيْرَ فِي"
1,98,5,"وَالَّذِينَ آمَنُوا وَعَمِلُوا"
1,99,5,"وَإِنِ امْرَأَةٌ خَافَتْ"
1,100,5,"يَاأَيُّهَا الَّذِينَ آمَنُوا"
1,101,5,"الَّذِينَ يَتَرَبَّصُونَ بِكُمْ"
1,102,6,"لَا يُحِبُّ اللَّهُ"
1,103,6,"فَبِمَا نَقْضِهِمْ مِيثَاقَهُمْ"
1,104,6,"إِنَّا أَوْحَيْنَا إِلَيْكَ"
1,105,6,"يَاأَهْلَ الْكِتَابِ لَا"
1,106,6,"يَسْتَفْتُونَكَ قُلِ اللَّهُ"
1,107,6,"حُرِّمَتْ عَلَيْكُمُ الْمَيْتَةُ"
1,108,6,"يَاأَيُّهَا الَّذِينَ آمَنُوا"
1,109,6,"وَالَّذِينَ كَفَرُوا وَكَذَّبُوا"
1,110,6,"وَمِنَ الَّذِينَ قَالُوا"
1,111,6,"وَقَالَتِ الْيَهُودُ وَالنَّصَارَى"
1,112,6,"قَالُوا يَامُوسَى إِنَّا"
1,113,6,"مِنْ أَجْلِ ذَلِكَ"
1,114,6,"يُرِيدُونَ أَنْ يَخْرُجُوا"
1,115,6,"سَمَّاعُونَ لِلْكَذِبِ أَكَّالُونَ"
1,116,6,"وَقَفَّيْنَا عَلَى آثَارِهِمْ"
1,117,6,"يَاأَيُّهَا الَّذِينَ آمَنُوا"
1,118,6,"وَإِذَا نَادَيْتُمْ إِلَى"
1,119,6,"وَلَوْ أَنَّ أَهْلَ"
1,120,6,"وَحَسِبُوا أَلَّا تَكُونَ"
1,121,6,"لُعِنَ الَّذِينَ كَفَرُوا"
1,122,7,"وَمَا لَنَا لَا"
1,123,7,"إِنَّمَا يُرِيدُ الشَّيْطَانُ"
1,124,7,"أُحِلَّ لَكُمْ صَيْدُ"
1,125,7,"وَإِذَا قِيلَ لَهُمْ"
1,126,7,"يَوْمَ يَجْمَعُ اللَّهُ"
1,127,7,"قَالَ عِيسَى ابْنُ"
1,128,7,"الْحَمْدُ لِلَّهِ الَّذِي"
1,129,7,"وَلَوْ جَعَلْنَاهُ مَلَكًا"
1,130,7,"قُلْ أَيُّ شَيْءٍ"
1,131,7,"بَلْ بَدَا لَهُمْ"
1,132,7,"إِنَّمَا يَسْتَجِيبُ الَّذِينَ"
1,133,7,"فَقُطِعَ دَابِرُ الْقَوْمِ"
1,134,7,"وَكَذَلِكَ فَتَنَّا بَعْضَهُمْ"
1,135,7,"وَهُوَ الَّذِي يَتَوَفَّاكُمْ"
1,136,7,"وَمَا عَلَى الَّذِينَ"
1,137,7,"وَإِذْ قَالَ إِبْرَاهِيمُ"
1,138,7,"الَّذِينَ آمَنُوا وَلَمْ"
1,139,7,"وَمَا قَدَرُوا اللَّهَ"
1,140,7,"إِنَّ اللَّهَ فَالِقُ"
1,141,7,"ذَلِكُمُ اللَّهُ رَبُّكُمْ"
1,142,8,"وَلَوْ أَنَّنَا نَزَّلْنَا"
1,143,8,"وَمَا لَكُمْ أَلَّا"
1,144,8,"فَمَنْ يُرِدِ اللَّهُ"
1,145,8,"ذَلِكَ أَنْ لَمْ"
1,146,8,"وَقَالُوا هَذِهِ أَنْعَامٌ"
1,147,8,"ثَمَانِيَةَ أَزْوَاجٍ مِنَ"
1,148,8,"فَإِنْ كَذَّبُوكَ فَقُلْ"
1,149,8,"وَلَا تَقْرَبُوا مَالَ"
1,150,8,"هَلْ يَنْظُرُونَ إِلَّا"
1,151,8,"المص كِتَابٌ أُنْزِلَ"
1,152,8,"قَالَ مَا مَنَعَكَ"
1,153,8,"قَالَا رَبَّنَا ظَلَمْنَا"
1,154,8,"يَابَنِي آدَمَ خُذُوا"
1,155,8,"قَالَ ادْخُلُوا فِي"
1,156,8,"وَنَادَى أَصْحَابُ الْجَنَّةِ"
1,157,8,"وَلَقَدْ جِئْنَاهُمْ بِكِتَابٍ"
1,158,8,"وَالْبَلَدُ الطَّيِّبُ يَخْرُجُ"
1,159,8,"أُبَلِّغُكُمْ رِسَالَاتِ رَبِّي"
1,160,8,"وَاذْكُرُوا إِذْ جَعَلَكُمْ"
1,161,8,"وَمَا كَانَ جَوَابَ"
1,162,9,"قَالَ الْمَلَأُ الَّذِينَ"
1,163,9,"وَلَوْ أَنَّ أَهْلَ"
1,164,9,"حَقِيقٌ عَلَى أَنْ"
1,165,9,"قَالُوا آمَنَّا بِرَبِّ"
1,166,9,"فَإِذَا جَاءَتْهُمُ الْحَسَنَةُ"
1,167,9,"وَجَاوَزْنَا بِبَنِي إِسْرَائِيلَ"
1,168,9,"قَالَ يَامُوسَى إِنِّي"
1,169,9,"وَلَمَّا رَجَعَ مُوسَى"
1,170,9,"وَاكْتُبْ لَنَا فِي"
1,171,9,"وَقَطَّعْنَاهُمُ اثْنَتَيْ عَشْرَةَ"
1,172,9,"وَإِذْ قَالَتْ أُمَّةٌ"
1,173,9,"وَإِذْ نَتَقْنَا الْجَبَلَ"
1,174,9,"وَلَقَدْ ذَرَأْنَا لِجَهَنَّمَ"
1,175,9,"قُلْ لَا أَمْلِكُ"
1,176,9,"إِنَّ وَلِيِّيَ اللَّهُ"
1,177,9,"يَسْأَلُونَكَ عَنِ الْأَنْفَالِ"
1,178,9,"إِذْ تَسْتَغِيثُونَ رَبَّكُمْ"
1,179,9,"فَلَمْ تَقْتُلُوهُمْ وَلَكِنَّ"
1,180,9,"وَاذْكُرُوا إِذْ أَنْتُمْ"
1,181,9,"وَمَا لَهُمْ أَلَّا"
1,182,10,"وَاعْلَمُوا أَنَّمَا غَنِمْتُمْ"
1,183,10,"وَأَطِيعُوا اللَّهَ وَرَسُولَهُ"
1,184,10,"ذَلِكَ بِأَنَّ اللَّهَ"
1,185,10,"وَإِنْ يُرِيدُوا أَنْ"
1,186,10,"يَاأَيُّهَا النَّبِيُّ قُلْ"
1,187,10,"بَرَاءَةٌ مِنَ اللَّهِ"
1,188,10,"كَيْفَ يَكُونُ لِلْمُشْرِكِينَ"
1,189,10,"قَاتِلُوهُمْ يُعَذِّبْهُمُ اللَّهُ"
1,190,10,"يُبَشِّرُهُمْ رَبُّهُمْ بِرَحْمَةٍ"
1,191,10,"ثُمَّ يَتُوبُ اللَّهُ"
1,192,10,"يُرِيدُونَ أَنْ يُطْفِئُوا"
1,193,10,"إِنَّمَا النَّسِيءُ زِيَادَةٌ"
1,194,10,"انْفِرُوا خِفَافًا وَثِقَالًا"
1,195,10,"لَقَدِ ابْتَغَوُا الْفِتْنَةَ"
1,196,10,"فَلَا تُعْجِبْكَ أَمْوَالُهُمْ"
1,197,10,"يَحْلِفُونَ بِاللَّهِ لَكُمْ"
1,198,10,"كَالَّذِينَ مِنْ قَبْلِكُمْ"
1,199,10,"يَاأَيُّهَا النَّبِيُّ جَاهِدِ"
1,200,10,"اسْتَغْفِرْ لَهُمْ أَوْ"
1,201,10,"رَضُوا بِأَنْ يَكُونُوا"
1,202,11,"يَعْتَذِرُونَ إِلَيْكُمْ إِذَا"
1,203,11,"وَالسَّابِقُونَ الْأَوَّلُونَ مِنَ"
1,204,11,"وَالَّذِينَ اتَّخَذُوا مَسْجِدًا"
1,205,11,"التَّائِبُونَ الْعَابِدُونَ الْحَامِدُونَ"
1,206,11,"وَعَلَى الثَّلَاثَةِ الَّذِينَ"
1,207,11,"يَاأَيُّهَا الَّذِينَ آمَنُوا"
1,208,11,"الر تِلْكَ آيَاتُ"
1,209,11,"إِنَّ الَّذِينَ لَا"
1,210,11,"وَإِذَا تُتْلَى عَلَيْهِمْ"
1,211,11,"وَإِذَا أَذَقْنَا النَّاسَ"
1,212,11,"لِلَّذِينَ أَحْسَنُوا الْحُسْنَى"
1,213,11,"قُلْ هَلْ مِنْ"
1,214,11,"وَمِنْهُمْ مَنْ يَنْظُرُ"
1,215,11,"وَلَوْ أَنَّ لِكُلِّ"
1,216,11,"أَلَا إِنَّ أَوْلِيَاءَ"
1,217,11,"وَاتْلُ عَلَيْهِمْ نَبَأَ"
1,218,11,"وَقَالَ فِرْعَوْنُ ائْتُونِي"
1,219,11,"قَالَ قَدْ أُجِيبَتْ"
1,220,11,"فَلَوْلَا كَانَتْ قَرْيَةٌ"
1,221,11,"وَإِنْ يَمْسَسْكَ اللَّهُ"
1,222,12,"وَمَا مِنْ دَابَّةٍ"
1,223,12,"أَمْ يَقُولُونَ افْتَرَاهُ"
1,224,12,"أُولَئِكَ لَمْ يَكُونُوا"
1,225,12,"وَيَاقَوْمِ لَا أَسْأَلُكُمْ"
1,226,12,"وَيَصْنَعُ الْفُلْكَ وَكُلَّمَا"
1,227,12,"قَالَ يَانُوحُ إِنَّهُ"
1,228,12,"إِنْ نَقُولُ إِلَّا"
1,229,12,"قَالَ يَاقَوْمِ أَرَأَيْتُمْ"
1,230,12,"قَالَتْ يَاوَيْلَتَى أَأَلِدُ"
1,231,12,"فَلَمَّا جَاءَ أَمْرُنَا"
1,232,12,"وَيَاقَوْمِ لَا يَجْرِمَنَّكُمْ"
1,233,12,"يَقْدُمُ قَوْمَهُ يَوْمَ"
1,234,12,"فَلَا تَكُ فِي"
1,235,12,"وَلَوْ شَاءَ رَبُّكَ"
1,236,12,"قَالَ يَابُنَيَّ لَا"
1,237,12,"فَلَمَّا ذَهَبُوا بِهِ"
1,238,12,"وَرَاوَدَتْهُ الَّتِي هُوَ"
1,239,12,"فَلَمَّا سَمِعَتْ بِمَكْرِهِنَّ"
1,240,12,"وَاتَّبَعْتُ مِلَّةَ آبَائِي"
1,241,12,"قَالُوا أَضْغَاثُ أَحْلَامٍ"
1,242,13,"وَمَا أُبَرِّئُ نَفْسِي"
1,243,13,"قَالَ هَلْ آمَنُكُمْ"
1,244,13,"فَلَمَّا جَهَّزَهُمْ بِجَهَازِهِمْ"
1,245,13,"قَالَ مَعَاذَ اللَّهِ"
1,246,13,"يَابَنِيَّ اذْهَبُوا فَتَحَسَّسُوا"
1,247,13,"فَلَمَّا أَنْ جَاءَ"
1,248,13,"وَمَا تَسْأَلُهُمْ عَلَيْهِ"
1,249,13,"المر تِلْكَ آيَاتُ"
1,250,13,"وَيَسْتَعْجِلُونَكَ بِالسَّيِّئَةِ قَبْلَ"
1,251,13,"لَهُ دَعْوَةُ الْحَقِّ"
1,252,13,"أَفَمَنْ يَعْلَمُ أَنَّمَا"
1,253,13,"الَّذِينَ آمَنُوا وَعَمِلُوا"
1,254,13,"مَثَلُ الْجَنَّةِ الَّتِي"
1,255,13,"وَيَقُولُ الَّذِينَ كَفَرُوا"
1,256,13,"وَإِذْ قَالَ مُوسَى"
1,257,13,"قَالَتْ لَهُمْ رُسُلُهُمْ"
1,258,13,"أَلَمْ تَرَ أَنَّ"
1,259,13,"تُؤْتِي أُكُلَهَا كُلَّ"
1,260,13,"وَآتَاكُمْ مِنْ كُلِّ"
1,261,13,"مُهْطِعِينَ مُقْنِعِي رُءُوسِهِمْ"
1,262,14,"الر تِلْكَ آيَاتُ"
1,263,14,"وَلَقَدْ جَعَلْنَا فِي"
1,264,14,"قَالَ يَاإِبْلِيسُ مَا"
1,265,14,"إِذْ دَخَلُوا عَلَيْهِ"
1,266,14,"قَالَ هَؤُلَاءِ بَنَاتِي"
1,267,14,"الَّذِينَ جَعَلُوا الْقُرْآنَ"
1,268,14,"وَتَحْمِلُ أَثْقَالَكُمْ إِلَى"
1,269,14,"وَأَلْقَى فِي الْأَرْضِ"
1,270,14,"ثُمَّ يَوْمَ الْقِيَامَةِ"
1,271,14,"وَقَالَ الَّذِينَ أَشْرَكُوا"
1,272,14,"وَمَا أَرْسَلْنَا مِنْ"
1,273,14,"لِيَكْفُرُوا بِمَا آتَيْنَاهُمْ"
1,274,14,"وَاللَّهُ أَنْزَلَ مِنَ"
1,275,14,"وَيَعْبُدُونَ مِنْ دُونِ"
1,276,14,"وَاللَّهُ جَعَلَ لَكُمْ"
1,277,14,"الَّذِينَ كَفَرُوا وَصَدُّوا"
1,278,14,"وَلَا تَتَّخِذُوا أَيْمَانَكُمْ"
1,279,14,"وَلَقَدْ نَعْلَمُ أَنَّهُمْ"
1,280,14,"يَوْمَ تَأْتِي كُلُّ"
1,281,14,"ثُمَّ إِنَّ رَبَّكَ"
1,282,15,"سُبْحَانَ الَّذِي أَسْرَى"
1,283,15,"عَسَى رَبُّكُمْ أَنْ"
1,284,15,"مَنْ كَانَ يُرِيدُ"
1,285,15,"وَإِمَّا تُعْرِضَنَّ عَنْهُمُ"
1,286,15,"ذَلِكَ مِمَّا أَوْحَى"
1,287,15,"قُلْ كُونُوا حِجَارَةً"
1,288,15,"وَمَا مَنَعَنَا أَنْ"
1,289,15,"وَإِذَا مَسَّكُمُ الضُّرُّ"
1,290,15,"وَإِنْ كَادُوا لَيَسْتَفِزُّونَكَ"
1,291,15,"إِلَّا رَحْمَةً مِنْ"
1,292,15,"وَمَنْ يَهْدِ اللَّهُ"
1,293,15,"وَبِالْحَقِّ أَنْزَلْنَاهُ وَبِالْحَقِّ"
1,294,15,"مَا لَهُمْ بِهِ"
1,295,15,"وَإِذِ اعْتَزَلْتُمُوهُمْ وَمَا"
1,296,15,"وَكَذَلِكَ أَعْثَرْنَا عَلَيْهِمْ"
1,297,15,"وَاصْبِرْ نَفْسَكَ مَعَ"
1,298,15,"وَدَخَلَ جَنَّتَهُ وَهُوَ"
1,299,15,"الْمَالُ وَالْبَنُونَ زِينَةُ"
1,300,15,"وَلَقَدْ صَرَّفْنَا فِي"
1,301,15,"فَلَمَّا جَاوَزَا قَالَ"
1,302,16,"قَالَ أَلَمْ أَقُلْ"
1,303,16,"إِنَّا مَكَّنَّا لَهُ"
1,304,16,"قَالَ هَذَا رَحْمَةٌ"
1,305,16,"كهيعص ذِكْرُ رَحْمَتِ"
1,306,16,"يَايَحْيَى خُذِ الْكِتَابَ"
1,307,16,"فَكُلِي وَاشْرَبِي وَقَرِّي"
1,308,16,"وَأَنْذِرْهُمْ يَوْمَ الْحَسْرَةِ"
1,309,16,"وَنَادَيْنَاهُ مِنْ جَانِبِ"
1,310,16,"رَبُّ السَّمَاوَاتِ وَالْأَرْضِ"
1,311,16,"أَفَرَأَيْتَ الَّذِي كَفَرَ"
1,312,16,"إِنَّ الَّذِينَ آمَنُوا"
1,313,16,"وَأَنَا اخْتَرْتُكَ فَاسْتَمِعْ"
1,314,16,"إِذْ أَوْحَيْنَا إِلَى"
1,315,16,"قَالَ عِلْمُهَا عِنْدَ"
1,316,16,"قَالُوا يَامُوسَى إِمَّا"
1,317,16,"وَلَقَدْ أَوْحَيْنَا إِلَى"
1,318,16,"فَأَخْرَجَ لَهُمْ عِجْلًا"
1,319,16,"كَذَلِكَ نَقُصُّ عَلَيْكَ"
1,320,16,"فَتَعَالَى اللَّهُ الْمَلِكُ"
1,321,16,"قَالَ كَذَلِكَ أَتَتْكَ"
1,322,17,"اقْتَرَبَ لِلنَّاسِ حِسَابُهُمْ"
1,323,17,"وَكَمْ قَصَمْنَا مِنْ"
1,324,17,"وَمَا أَرْسَلْنَا مِنْ"
1,325,17,"وَإِذَا رَآكَ الَّذِينَ"
1,326,17,"قُلْ إِنَّمَا أُنْذِرُكُمْ"
1,327,17,"فَجَعَلَهُمْ جُذَاذًا إِلَّا"
1,328,17,"وَجَعَلْنَاهُمْ أَئِمَّةً يَهْدُونَ"
1,329,17,"وَمِنَ الشَّيَاطِينِ مَنْ"
1,330,17,"وَالَّتِي أَحْصَنَتْ فَرْجَهَا"
1,331,17,"لَا يَسْمَعُونَ حَسِيسَهَا"
1,332,17,"يَاأَيُّهَا النَّاسُ اتَّقُوا"
1,333,17,"ذَلِكَ بِأَنَّ اللَّهَ"
1,334,17,"وَكَذَلِكَ أَنْزَلْنَاهُ آيَاتٍ"
1,335,17,"وَهُدُوا إِلَى الطَّيِّبِ"
1,336,17,"حُنَفَاءَ لِلَّهِ غَيْرَ"
1,337,17,"أُذِنَ لِلَّذِينَ يُقَاتَلُونَ"
1,338,17,"وَيَسْتَعْجِلُونَكَ بِالْعَذَابِ وَلَنْ"
1,339,17,"الْمُلْكُ يَوْمَئِذٍ لِلَّهِ"
1,340,17,"أَلَمْ تَرَ أَنَّ"
1,341,17,"يَاأَيُّهَا النَّاسُ ضُرِبَ"
1,342,18,"قَدْ أَفْلَحَ الْمُؤْمِنُونَ"
1,343,18,"وَأَنْزَلْنَا مِنَ السَّمَاءِ"
1,344,18,"فَإِذَا اسْتَوَيْتَ أَنْتَ"
1,345,18,"مَا تَسْبِقُ مِنْ"
1,346,18,"وَالَّذِينَ يُؤْتُونَ مَا"
1,347,18,"وَلَوْ رَحِمْنَاهُمْ وَكَشَفْنَا"
1,348,18,"بَلْ أَتَيْنَاهُمْ بِالْحَقِّ"
1,349,18,"أَلَمْ تَكُنْ آيَاتِي"
1,350,18,"سُورَةٌ أَنْزَلْنَاهَا وَفَرَضْنَاهَا"
1,351,18,"إِنَّ الَّذِينَ جَاءُوا"
1,352,18,"يَاأَيُّهَا الَّذِينَ آمَنُوا"
1,353,18,"فَإِنْ لَمْ تَجِدُوا"
1,354,18,"وَأَنْكِحُوا الْأَيَامَى مِنْكُمْ"
1,355,18,"رِجَالٌ لَا تُلْهِيهِمْ"
1,356,18,"يُقَلِّبُ اللَّهُ اللَّيْلَ"
1,357,18,"قُلْ أَطِيعُوا اللَّهَ"
1,358,18,"وَإِذَا بَلَغَ الْأَطْفَالُ"
1,359,18,"إِنَّمَا الْمُؤْمِنُونَ الَّذِينَ"
1,360,18,"وَاتَّخَذُوا مِنْ دُونِهِ"
1,361,18,"إِذَا رَأَتْهُمْ مِنْ"
1,362,19,"وَقَالَ الَّذِينَ لَا"
1,363,19,"وَلَا يَأْتُونَكَ بِمَثَلٍ"
1,364,19,"أَمْ تَحْسَبُ أَنَّ"
1,365,19,"وَمَا أَرْسَلْنَاكَ إِلَّا"
1,366,19,"وَالَّذِينَ لَا يَدْعُونَ"
1,367,19,"طسم تِلْكَ آيَاتُ"
1,368,19,"قَالَ فَعَلْتُهَا إِذًا"
1,369,19,"لَعَلَّنَا نَتَّبِعُ السَّحَرَةَ"
1,370,19,"فَلَمَّا تَرَاءَى الْجَمْعَانِ"
1,371,19,"وَاجْعَلْ لِي لِسَانَ"
1,372,19,"قَالَ وَمَا عِلْمِي"
1,373,19,"إِنْ هَذَا إِلَّا"
1,374,19,"كَذَّبَتْ قَوْمُ لُوطٍ"
1,375,19,"وَاتَّقُوا الَّذِي خَلَقَكُمْ"
1,376,19,"مَا أَغْنَى عَنْهُمْ"
1,377,19,"طس تِلْكَ آيَاتُ"
1,378,19,"وَجَحَدُوا بِهَا وَاسْتَيْقَنَتْهَا"
1,379,19,"إِنِّي وَجَدْتُ امْرَأَةً"
1,380,19,"فَلَمَّا جَاءَ سُلَيْمَانَ"
1,381,19,"وَلَقَدْ أَرْسَلْنَا إِلَى"
1,382,20,"فَمَا كَانَ جَوَابَ"
1,383,20,"أَمَّنْ يَبْدَأُ الْخَلْقَ"
1,384,20,"وَإِنَّهُ لَهُدًى وَرَحْمَةٌ"
1,385,20,"مَنْ جَاءَ بِالْحَسَنَةِ"
1,386,20,"وَنُمَكِّنَ لَهُمْ فِي"
1,387,20,"وَلَمَّا بَلَغَ أَشُدَّهُ"
1,388,20,"وَلَمَّا تَوَجَّهَ تِلْقَاءَ"
1,389,20,"فَلَمَّا قَضَى مُوسَى"
1,390,20,"فَلَمَّا جَاءَهُمْ مُوسَى"
1,391,20,"وَمَا كُنْتَ بِجَانِبِ"
1,392,20,"وَلَقَدْ وَصَّلْنَا لَهُمُ"
1,393,20,"وَمَا أُوتِيتُمْ مِنْ"
1,394,20,"قُلْ أَرَأَيْتُمْ إِنْ"
1,395,20,"قَالَ إِنَّمَا أُوتِيتُهُ"
1,396,20,"إِنَّ الَّذِي فَرَضَ"
1,397,20,"وَالَّذِينَ آمَنُوا وَعَمِلُوا"
1,398,20,"فَأَنْجَيْنَاهُ وَأَصْحَابَ السَّفِينَةِ"
1,399,20,"فَمَا كَانَ جَوَابَ"
1,400,20,"وَلَمَّا جَاءَتْ رُسُلُنَا"
1,401,20,"وَقَارُونَ وَفِرْعَوْنَ وَهَامَانَ"
1,402,21,"وَلَا تُجَادِلُوا أَهْلَ"
1,403,21,"وَيَسْتَعْجِلُونَكَ بِالْعَذَابِ وَلَوْلَا"
1,404,21,"وَمَا هَذِهِ الْحَيَاةُ"
1,405,21,"وَعْدَ اللَّهِ لَا"
1,406,21,"وَأَمَّا الَّذِينَ كَفَرُوا"
1,407,21,"وَمِنْ آيَاتِهِ أَنْ"
1,408,21,"وَإِذَا مَسَّ النَّاسَ"
1,409,21,"قُلْ سِيرُوا فِي"
1,410,21,"وَلَئِنْ أَرْسَلْنَا رِيحًا"
1,411,21,"الم تِلْكَ آيَاتُ"
1,412,21,"وَلَقَدْ آتَيْنَا لُقْمَانَ"
1,413,21,"أَلَمْ تَرَوْا أَنَّ"
1,414,21,"أَلَمْ تَرَ أَنَّ"
1,415,21,"الم تَنْزِيلُ الْكِتَابِ"
1,416,21,"وَلَوْ تَرَى إِذِ"
1,417,21,"وَلَنُذِيقَنَّهُمْ مِنَ الْعَذَابِ"
1,418,21,"يَاأَيُّهَا النَّبِيُّ اتَّقِ"
1,419,21,"وَإِذْ أَخَذْنَا مِنَ"
1,420,21,"قُلْ لَنْ يَنْفَعَكُمُ"
1,421,21,"مِنَ الْمُؤْمِنِينَ رِجَالٌ"
1,422,22,"وَمَنْ يَقْنُتْ مِنْكُنَّ"
1,423,22,"وَمَا كَانَ لِمُؤْمِنٍ"
1,424,22,"تَحِيَّتُهُمْ يَوْمَ يَلْقَوْنَهُ"
1,425,22,"تُرْجِي مَنْ تَشَاءُ"
1,426,22,"لَا جُنَاحَ عَلَيْهِنَّ"
1,427,22,"يَسْأَلُكَ النَّاسُ عَنِ"
1,428,22,"الْحَمْدُ لِلَّهِ الَّذِي"
1,429,22,"أَفْتَرَى عَلَى اللَّهِ"
1,430,22,"لَقَدْ كَانَ لِسَبَإٍ"
1,431,22,"وَلَا تَنْفَعُ الشَّفَاعَةُ"
1,432,22,"قَالَ الَّذِينَ اسْتَكْبَرُوا"
1,433,22,"وَيَوْمَ يَحْشُرُهُمْ جَمِيعًا"
1,434,22,"قُلْ جَاءَ الْحَقُّ"
1,435,22,"وَإِنْ يُكَذِّبُوكَ فَقَدْ"
1,436,22,"وَمَا يَسْتَوِي الْبَحْرَانِ"
1,437,22,"وَمَا يَسْتَوِي الْأَعْمَى"
1,438,22,"وَالَّذِي أَوْحَيْنَا إِلَيْكَ"
1,439,22,"هُوَ الَّذِي جَعَلَكُمْ"
1,440,22,"وَلَوْ يُؤَاخِذُ اللَّهُ"
1,441,22,"وَاضْرِبْ لَهُمْ مَثَلًا"
1,442,23,"وَمَا أَنْزَلْنَا عَلَى"
1,443,23,"وَآيَةٌ لَهُمْ أَنَّا"
1,444,23,"إِنَّ أَصْحَابَ الْجَنَّةِ"
1,445,23,"أَوَلَمْ يَرَوْا أَنَّا"
1,446,23,"وَالصَّافَّاتِ صَفًّا فَالزَّاجِرَاتِ"
1,447,23,"مَا لَكُمْ لَا"
1,448,23,"يَقُولُ أَإِنَّكَ لَمِنَ"
1,449,23,"وَجَعَلْنَا ذُرِّيَّتَهُ هُمُ"
1,450,23,"فَلَمَّا أَسْلَمَا وَتَلَّهُ"
1,451,23,"فَكَذَّبُوهُ فَإِنَّهُمْ لَمُحْضَرُونَ"
1,452,23,"مَا لَكُمْ كَيْفَ"
1,453,23,"ص وَالْقُرْآنِ ذِي"
1,454,23,"اصْبِرْ عَلَى مَا"
1,455,23,"وَمَا خَلَقْنَا السَّمَاءَ"
1,456,23,"وَوَهَبْنَا لَهُ أَهْلَهُ"
1,457,23,"وَقَالُوا مَا لَنَا"
1,458,23,"قَالَ فَالْحَقُّ وَالْحَقَّ"
1,459,23,"خَلَقَكُمْ مِنْ نَفْسٍ"
1,460,23,"قُلْ إِنِّي أُمِرْتُ"
1,461,23,"أَفَمَنْ شَرَحَ اللَّهُ"
1,462,24,"فَمَنْ أَظْلَمُ مِمَّنْ"
1,463,24,"إِنَّا أَنْزَلْنَا عَلَيْكَ"
1,464,24,"وَبَدَا لَهُمْ سَيِّئَاتُ"
1,465,24,"أَوْ تَقُولَ لَوْ"
1,466,24,"وَنُفِخَ فِي الصُّورِ"
1,467,24,"وَتَرَى الْمَلَائِكَةَ حَافِّينَ"
1,468,24,"رَبَّنَا وَأَدْخِلْهُمْ جَنَّاتِ"
1,469,24,"الْيَوْمَ تُجْزَى كُلُّ"
1,470,24,"وَقَالَ فِرْعَوْنُ ذَرُونِي"
1,471,24,"وَلَقَدْ جَاءَكُمْ يُوسُفُ"
1,472,24,"وَيَاقَوْمِ مَا لِي"
1,473,24,"قَالُوا أَوَلَمْ تَكُ"
1,474,24,"إِنَّ السَّاعَةَ لَآتِيَةٌ"
1,475,24,"هُوَ الَّذِي خَلَقَكُمْ"
1,476,24,"وَلَقَدْ أَرْسَلْنَا رُسُلًا"
1,477,24,"حم تَنْزِيلٌ مِنَ"
1,478,24,"فَقَضَاهُنَّ سَبْعَ سَمَاوَاتٍ"
1,479,24,"وَقَالُوا لِجُلُودِهِمْ لِمَ"
1,480,24,"إِنَّ الَّذِينَ قَالُوا"
1,481,24,"وَمِنْ آيَاتِهِ أَنَّكَ"
1,482,25,"إِلَيْهِ يُرَدُّ عِلْمُ"
1,483,25,"حم عسق كَذَلِكَ"
1,484,25,"فَاطِرُ السَّمَاوَاتِ وَالْأَرْضِ"
1,485,25,"وَالَّذِينَ يُحَاجُّونَ فِي"
1,486,25,"ذَلِكَ الَّذِي يُبَشِّرُ"
1,487,25,"وَمِنْ آيَاتِهِ الْجَوَارِ"
1,488,25,"وَتَرَاهُمْ يُعْرَضُونَ عَلَيْهَا"
1,489,25,"وَكَذَلِكَ أَوْحَيْنَا إِلَيْكَ"
1,490,25,"وَالَّذِي نَزَّلَ مِنَ"
1,491,25,"وَكَذَلِكَ مَا أَرْسَلْنَا"
1,492,25,"وَلِبُيُوتِهِمْ أَبْوَابًا وَسُرُرًا"
1,493,25,"وَمَا نُرِيهِمْ مِنْ"
1,494,25,"وَإِنَّهُ لَعِلْمٌ لِلسَّاعَةِ"
1,495,25,"إِنَّ الْمُجْرِمِينَ فِي"
1,496,25,"حم وَالْكِتَابِ الْمُبِينِ"
1,497,25,"وَأَنْ لَا تَعْلُوا"
1,498,25,"إِنَّ يَوْمَ الْفَصْلِ"
1,499,25,"حم تَنْزِيلُ الْكِتَابِ"
1,500,25,"قُلْ لِلَّذِينَ آمَنُوا"
1,501,25,"أَفَرَأَيْتَ مَنِ اتَّخَذَ"
1,502,26,"وَبَدَا لَهُمْ سَيِّئَاتُ"
1,503,26,"وَإِذَا حُشِرَ النَّاسُ"
1,504,26,"وَوَصَّيْنَا الْإِنْسَانَ بِوَالِدَيْهِ"
1,505,26,"وَاذْكُرْ أَخَا عَادٍ"
1,506,26,"وَإِذْ صَرَفْنَا إِلَيْكَ"
1,507,26,"الَّذِينَ كَفَرُوا وَصَدُّوا"
1,508,26,"إِنَّ اللَّهَ يُدْخِلُ"
1,509,26,"وَيَقُولُ الَّذِينَ آمَنُوا"
1,510,26,"وَلَوْ نَشَاءُ لَأَرَيْنَاكَهُمْ"
1,511,26,"إِنَّا فَتَحْنَا لَكَ"
1,512,26,"إِنَّ الَّذِينَ يُبَايِعُونَكَ"
1,513,26,"قُلْ لِلْمُخَلَّفِينَ مِنَ"
1,514,26,"وَهُوَ الَّذِي كَفَّ"
1,515,26,"مُحَمَّدٌ رَسُولُ اللَّهِ"
1,516,26,"وَلَوْ أَنَّهُمْ صَبَرُوا"
1,517,26,"يَاأَيُّهَا الَّذِينَ آمَنُوا"
1,518,26,"ق وَالْقُرْآنِ الْمَجِيدِ"
1,519,26,"وَلَقَدْ خَلَقْنَا الْإِنْسَانَ"
1,520,26,"وَكَمْ أَهْلَكْنَا قَبْلَهُمْ"
1,521,26,"وَالسَّمَاءِ ذَاتِ الْحُبُكِ"
1,522,27,"قَالَ فَمَا خَطْبُكُمْ"
1,523,27,"كَذَلِكَ مَا أَتَى"
1,524,27,"أَفَسِحْرٌ هَذَا أَمْ"
1,525,27,"أَمْ تَأْمُرُهُمْ أَحْلَامُهُمْ"
1,526,27,"وَالنَّجْمِ إِذَا هَوَى"
1,527,27,"إِنَّ الَّذِينَ لَا"
1,528,27,"وَأَنَّهُ خَلَقَ الزَّوْجَيْنِ"
1,529,27,"خُشَّعًا أَبْصَارُهُمْ يَخْرُجُونَ"
1,530,27,"وَنَبِّئْهُمْ أَنَّ الْمَاءَ"
1,531,27,"وَمَا أَمْرُنَا إِلَّا"
1,532,27,"مَرَجَ الْبَحْرَيْنِ يَلْتَقِيَانِ"
1,533,27,"فَبِأَيِّ آلَاءِ رَبِّكُمَا"
1,534,27,"فِيهِنَّ خَيْرَاتٌ حِسَانٌ"
1,535,27,"يَطُوفُ عَلَيْهِمْ وِلْدَانٌ"
1,536,27,"ثُمَّ إِنَّكُمْ أَيُّهَا"
1,537,27,"إِنَّهُ لَقُرْآنٌ كَرِيمٌ"
1,538,27,"هُوَ الَّذِي خَلَقَ"
1,539,27,"يَوْمَ تَرَى الْمُؤْمِنِينَ"
1,540,27,"وَالَّذِينَ آمَنُوا بِاللَّهِ"
1,541,27,"لَقَدْ أَرْسَلْنَا رُسُلَنَا"
1,542,28,"قَدْ سَمِعَ اللَّهُ"
1,543,28,"أَلَمْ تَرَ أَنَّ"
1,544,28,"يَاأَيُّهَا الَّذِينَ آمَنُوا"
1,545,28,"لَا تَجِدُ قَوْمًا"
1,546,28,"ذَلِكَ بِأَنَّهُمْ شَاقُّوا"
1,547,28,"وَالَّذِينَ جَاءُوا مِنْ"
1,548,28,"فَكَانَ عَاقِبَتَهُمَا أَنَّهُمَا"
1,549,28,"يَاأَيُّهَا الَّذِينَ آمَنُوا"
1,550,28,"لَقَدْ كَانَ لَكُمْ"
1,551,28,"يَاأَيُّهَا النَّبِيُّ إِذَا"
1,552,28,"وَإِذْ قَالَ عِيسَى"
1,553,28,"يُسَبِّحُ لِلَّهِ مَا"
1,554,28,"يَاأَيُّهَا الَّذِينَ آمَنُوا"
1,555,28,"وَإِذَا قِيلَ لَهُمْ"
1,556,28,"يُسَبِّحُ لِلَّهِ مَا"
1,557,28,"وَالَّذِينَ كَفَرُوا وَكَذَّبُوا"
1,558,28,"يَاأَيُّهَا النَّبِيُّ إِذَا"
1,559,28,"أَسْكِنُوهُنَّ مِنْ حَيْثُ"
1,560,28,"يَاأَيُّهَا النَّبِيُّ لِمَ"
1,561,28,"يَاأَيُّهَا الَّذِينَ آمَنُوا"
1,562,29,"تَبَارَكَ الَّذِي بِيَدِهِ"
1,563,29,"وَأَسِرُّوا قَوْلَكُمْ أَوِ"
1,564,29,"فَلَمَّا رَأَوْهُ زُلْفَةً"
1,565,29,"إِنَّا بَلَوْنَاهُمْ كَمَا"
1,566,29,"خَاشِعَةً أَبْصَارُهُمْ تَرْهَقُهُمْ"
1,567,29,"وَجَاءَ فِرْعَوْنُ وَمَنْ"
1,568,29,"وَلَا طَعَامٌ إِلَّا"
1,569,29,"يُبَصَّرُونَهُمْ يَوَدُّ الْمُجْرِمُ"
1,570,29,"عَلَى أَنْ نُبَدِّلَ"
1,571,29,"يُرْسِلِ السَّمَاءَ عَلَيْكُمْ"
1,572,29,"قُلْ أُوحِيَ إِلَيَّ"
1,573,29,"وَأَنَّا مِنَّا الْمُسْلِمُونَ"
1,574,29,"يَاأَيُّهَا الْمُزَّمِّلُ قُمِ"
1,575,29,"إِنَّ رَبَّكَ يَعْلَمُ"
1,576,29,"فَقُتِلَ كَيْفَ قَدَّرَ"
1,577,29,"فَمَا تَنْفَعُهُمْ شَفَاعَةُ"
1,578,29,"كَلَّا بَلْ تُحِبُّونَ"
1,579,29,"عَيْنًا يَشْرَبُ بِهَا"
1,580,29,"وَمِنَ اللَّيْلِ فَاسْجُدْ"
1,581,29,"أَلَمْ نَخْلُقْكُمْ مِنْ"
1,582,30,"عَمَّ يَتَسَاءَلُونَ عَنِ"
1,583,30,"إِنَّ لِلْمُتَّقِينَ مَفَازًا"
1,584,30,"اذْهَبْ إِلَى فِرْعَوْنَ"
1,585,30,"عَبَسَ وَتَوَلَّى أَنْ"
1,586,30,"تَرْهَقُهَا قَتَرَةٌ أُولَئِكَ"
1,587,30,"إِذَا السَّمَاءُ انْفَطَرَتْ"
1,588,30,"لِيَوْمٍ عَظِيمٍ يَوْمَ"
1,589,30,"فَالْيَوْمَ الَّذِينَ آمَنُوا"
1,590,30,"إِلَّا الَّذِينَ آمَنُوا"
1,591,30,"وَالسَّمَاءِ وَالطَّارِقِ وَمَا"
1,592,30,"وَيَتَجَنَّبُهَا الْأَشْقَى الَّذِي"
1,593,30,"إِلَّا مَنْ تَوَلَّى"
1,594,30,"وَجِيءَ يَوْمَئِذٍ بِجَهَنَّمَ"
1,595,30,"وَالَّذِينَ كَفَرُوا بِآيَاتِنَا"
1,596,30,"فَسَنُيَسِّرُهُ لِلْعُسْرَى وَمَا"
1,597,30,"الَّذِي أَنْقَضَ ظَهْرَكَ"
1,598,30,"أَرَأَيْتَ إِنْ كَذَّبَ"
1,599,30,"إِنَّ الَّذِينَ كَفَرُوا"
1,600,30,"إِنَّ الْإِنْسَانَ لِرَبِّهِ"
1,601,30,"وَالْعَصْرِ إِنَّ الْإِنْسَانَ"
1,602,30,"لِإِيلَافِ قُرَيْشٍ إِيلَافِهِمْ"
1,603,30,"قُلْ يَاأَيُّهَا الْكَافِرُونَ"
1,604,30,"قُلْ هُوَ اللَّهُ"
